Workbook

Sheet ta_hm80L18L1_veg24beta
A1: T_MAPCODE_v24beta | B1: NATURAL_v24beta | C1: NOT_NATURA_v24beta | D1: Nat2018v24beta | E1: Tot2018v24beta | F1: PcNat2018v24beta | G1: NAME | H1: MAPCODE18v18 | I1: RLE2022 | J1: NATURALv18 | K1: NOT_NATURAv18 | L1: Nat2018v18 | M1: Tot2018v18 | N1: pNat2018v18 | O1: diff p nat | P1: comment
A2: AT15 | B2: 14595300 | C2: 18900 | D2: =B2/1000000 -> 14.5953 | E2: =(B2+C2)/1000000 -> 14.6142 | F2: =B2/(B2+C2) -> 0.99870674 | G2: Albany Arid Thicket | H2: AT15 | I2: =VLOOKUP(H2,Sheet2!$A$2:$B$459, 2, FALSE) -> LC | J2: 14593500 | K2: 18900 | L2: 14.5935 | M2: 14.6124 | N2: =L2/M2 -> 0.99870658 | O2: =N2-F2 -> -1.5930805e-07
A3: AT16 | B3: 51284700 | C3: 2475900 | D3: =B3/1000000 -> 51.2847 | E3: =(B3+C3)/1000000 -> 53.7606 | F3: =B3/(B3+C3) -> 0.95394583 | G3: Albany Bontveld | H3: AT16 | I3: =VLOOKUP(H3,Sheet2!$A$2:$B$459, 2, FALSE) -> LC | J3: 51284700 | K3: 2475900 | L3: 51.2847 | M3: 53.7606 | N3: =L3/M3 -> 0.95394583 | O3: =N3-F3 -> 0
A4: AT17 | B4: 579072600 | C4: 150138900 | D4: =B4/1000000 -> 579.0726 | E4: =(B4+C4)/1000000 -> 729.2115 | F4: =B4/(B4+C4) -> 0.79410788 | G4: Albany Mesic Thicket | H4: AT17 | I4: =VLOOKUP(H4,Sheet2!$A$2:$B$459, 2, FALSE) -> LC | J4: 579081600 | K4: 150135300 | L4: 579.0816 | M4: 729.2169 | N4: =L4/M4 -> 0.79411434 | O4: =N4-F4 -> 6.4614759e-06
A5: AT18 | B5: 1038102300 | C5: 137548800 | D5: =B5/1000000 -> 1038.1023 | E5: =(B5+C5)/1000000 -> 1175.6511 | F5: =B5/(B5+C5) -> 0.88300202 | G5: Albany Valley Thicket | H5: AT18 | I5: =VLOOKUP(H5,Sheet2!$A$2:$B$459, 2, FALSE) -> LC | J5: 1038104100 | K5: 137548800 | L5: 1038.1041 | M5: 1175.6529 | N5: =L5/M5 -> 0.8830022 | O5: =N5-F5 -> 1.7913141e-07
A6: AT19 | B6: 1062972000 | C6: 14873400 | D6: =B6/1000000 -> 1062.972 | E6: =(B6+C6)/1000000 -> 1077.8454 | F6: =B6/(B6+C6) -> 0.9862008 | G6: Baviaans Valley Thicket | H6: AT19 | I6: =VLOOKUP(H6,Sheet2!$A$2:$B$459, 2, FALSE) -> LC | J6: 1062635400 | K6: 14873400 | L6: 1062.6354 | M6: 1077.5088 | N6: =L6/M6 -> 0.98619649 | O6: =N6-F6 -> -4.3106928e-06
A7: AT20 | B7: 20179800 | C7: 15348600 | D7: =B7/1000000 -> 20.1798 | E7: =(B7+C7)/1000000 -> 35.5284 | F7: =B7/(B7+C7) -> 0.56799068 | G7: Bethelsdorp Bontveld | H7: AT20 | I7: =VLOOKUP(H7,Sheet2!$A$2:$B$459, 2, FALSE) -> LC | J7: 20180700 | K7: 15348600 | L7: 20.1807 | M7: 35.5293 | N7: =L7/M7 -> 0.56800162 | O7: =N7-F7 -> 1.0943317e-05
A8: AT21 | B8: 312208200 | C8: 74132100 | D8: =B8/1000000 -> 312.2082 | E8: =(B8+C8)/1000000 -> 386.3403 | F8: =B8/(B8+C8) -> 0.80811709 | G8: Buffels Mesic Thicket | H8: AT21 | I8: =VLOOKUP(H8,Sheet2!$A$2:$B$459, 2, FALSE) -> LC | J8: 312210900 | K8: 74131200 | L8: 312.2109 | M8: 386.3421 | N8: =L8/M8 -> 0.80812032 | O8: =N8-F8 -> 3.2235401e-06
A9: AT22 | B9: 94256100 | C9: 121205700 | D9: =B9/1000000 -> 94.2561 | E9: =(B9+C9)/1000000 -> 215.4618 | F9: =B9/(B9+C9) -> 0.43746084 | G9: Buffels Valley Thicket | H9: AT22 | I9: =VLOOKUP(H9,Sheet2!$A$2:$B$459, 2, FALSE) -> CR | J9: 94257000 | K9: 121207500 | L9: 94.257 | M9: 215.4645 | N9: =L9/M9 -> 0.43745954 | O9: =N9-F9 -> -1.3048287e-06
A10: AT23 | B10: 269073900 | C10: 42062400 | D10: =B10/1000000 -> 269.0739 | E10: =(B10+C10)/1000000 -> 311.1363 | F10: =B10/(B10+C10) -> 0.86481037 | G10: Crossroads Grassland Thicket | H10: AT23 | I10: =VLOOKUP(H10,Sheet2!$A$2:$B$459, 2, FALSE) -> LC | J10: 269076600 | K10: 42062400 | L10: 269.0766 | M10: 311.139 | N10: =L10/M10 -> 0.86481155 | O10: =N10-F10 -> 1.1731477e-06
A11: AT24 | B11: 2605178700 | C11: 370825200 | D11: =B11/1000000 -> 2605.1787 | E11: =(B11+C11)/1000000 -> 2976.0039 | F11: =B11/(B11+C11) -> 0.87539492 | G11: Doubledrift Karroid Thicket | H11: AT24 | I11: =VLOOKUP(H11,Sheet2!$A$2:$B$459, 2, FALSE) -> LC | J11: 2605095000 | K11: 370824300 | L11: 2605.095 | M11: 2975.9193 | N11: =L11/M11 -> 0.87539168 | O11: =N11-F11 -> -3.2398693e-06
A12: AT25 | B12: 2113814700 | C12: 15148800 | D12: =B12/1000000 -> 2113.8147 | E12: =(B12+C12)/1000000 -> 2128.9635 | F12: =B12/(B12+C12) -> 0.99288442 | G12: Eastern Gwarrieveld | H12: AT25 | I12: =VLOOKUP(H12,Sheet2!$A$2:$B$459, 2, FALSE) -> LC | J12: 2113818300 | K12: 15148800 | L12: 2113.8183 | M12: 2128.9671 | N12: =L12/M12 -> 0.99288444 | O12: =N12-F12 -> 1.2032159e-08
A13: AT26 | B13: 30345300 | C13: 10122300 | D13: =B13/1000000 -> 30.3453 | E13: =(B13+C13)/1000000 -> 40.4676 | F13: =B13/(B13+C13) -> 0.74986656 | G13: Elands Forest Thicket | H13: AT26 | I13: =VLOOKUP(H13,Sheet2!$A$2:$B$459, 2, FALSE) -> LC | J13: 30347100 | K13: 10121400 | L13: 30.3471 | M13: 40.4685 | N13: =L13/M13 -> 0.74989436 | O13: =N13-F13 -> 2.7802367e-05
... A22: AT35 | B22: 18552600 | C22: 11601900 | D22: =B22/1000000 -> 18.5526 | E22: =(B22+C22)/1000000 -> 30.1545 | F22: =B22/(B22+C22) -> 0.61525146 | G22: Geluk Grassland Thicket | H22: AT35 | I22: =VLOOKUP(H22,Sheet2!$A$2:$B$459, 2, FALSE) -> LC | J22: 18552600 | K22: 11601900 | L22: 18.5526 | M22: 30.1545 | N22: =L22/M22 -> 0.61525146 | O22: =N22-F22 -> 0
A23: AT36 | B23: 30100500 | C23: 21305700 | D23: =B23/1000000 -> 30.1005 | E23: =(B23+C23)/1000000 -> 51.4062 | F23: =B23/(B23+C23) -> 0.58554221 | G23: Goukamma Dune Thicket | H23: AT36 | I23: =VLOOKUP(H23,Sheet2!$A$2:$B$459, 2, FALSE) -> LC | J23: 64710900 | K23: 27067500 | L23: 64.7109 | M23: 91.7784 | N23: =L23/M23 -> 0.70507767 | O23: =N23-F23 -> 0.11953545 | P23: decrease in size of type, drop in % nat
A24: AT37 | B24: 107244900 | C24: 69426900 | D24: =B24/1000000 -> 107.2449 | E24: =(B24+C24)/1000000 -> 176.6718 | F24: =B24/(B24+C24) -> 0.60702897 | G24: Gouritz Valley Thicket | H24: AT37 | I24: =VLOOKUP(H24,Sheet2!$A$2:$B$459, 2, FALSE) -> CR | J24: 107375400 | K24: 69479100 | L24: 107.3754 | M24: 176.8545 | N24: =L24/M24 -> 0.60713977 | O24: =N24-F24 -> 0.00011080186
A25: AT38 | B25: 857895300 | C25: 432946800 | D25: =B25/1000000 -> 857.8953 | E25: =(B25+C25)/1000000 -> 1290.8421 | F25: =B25/(B25+C25) -> 0.66460127 | G25: Grahamstown Grassland Thicket | H25: AT38 | I25: =VLOOKUP(H25,Sheet2!$A$2:$B$459, 2, FALSE) -> LC | J25: 857892600 | K25: 432952200 | L25: 857.8926 | M25: 1290.8448 | N25: =L25/M25 -> 0.66459779 | O25: =N25-F25 -> -3.481769e-06
A26: AT39 | B26: 220023900 | C26: 25822800 | D26: =B26/1000000 -> 220.0239 | E26: =(B26+C26)/1000000 -> 245.8467 | F26: =B26/(B26+C26) -> 0.89496381 | G26: Grassridge Bontveld | H26: AT39 | I26: =VLOOKUP(H26,Sheet2!$A$2:$B$459, 2, FALSE) -> LC | J26: 220021200 | K26: 25821900 | L26: 220.0212 | M26: 245.8431 | N26: =L26/M26 -> 0.89496594 | O26: =N26-F26 -> 2.1227756e-06
A27: AT40 | B27: 467093700 | C27: 129210300 | D27: =B27/1000000 -> 467.0937 | E27: =(B27+C27)/1000000 -> 596.304 | F27: =B27/(B27+C27) -> 0.78331472 | G27: Hartenbos Dune Thicket | H27: AT40 | I27: =VLOOKUP(H27,Sheet2!$A$2:$B$459, 2, FALSE) -> EN | J27: 516087900 | K27: 134748900 | L27: 516.0879 | M27: 650.8368 | N27: =L27/M27 -> 0.79296054 | O27: =N27-F27 -> 0.0096458207
A28: AT41 | B28: 209875500 | C28: 97653600 | D28: =B28/1000000 -> 209.8755 | E28: =(B28+C28)/1000000 -> 307.5291 | F28: =B28/(B28+C28) -> 0.68245737 | G28: Kasouga Dune Thicket | H28: AT41 | I28: =VLOOKUP(H28,Sheet2!$A$2:$B$459, 2, FALSE) -> LC | J28: 209864700 | K28: 97654500 | L28: 209.8647 | M28: 307.5192 | N28: =L28/M28 -> 0.68244422 | O28: =N28-F28 -> -1.3149332e-05
A29: AT42 | B29: 53350200 | C29: 6502500 | D29: =B29/1000000 -> 53.3502 | E29: =(B29+C29)/1000000 -> 59.8527 | F29: =B29/(B29+C29) -> 0.89135828 | G29: Koedoeskloof Karroid Thicket | H29: AT42 | I29: =VLOOKUP(H29,Sheet2!$A$2:$B$459, 2, FALSE) -> LC | J29: 53350200 | K29: 6502500 | L29: 53.3502 | M29: 59.8527 | N29: =L29/M29 -> 0.89135828 | O29: =N29-F29 -> 0
A30: AT43 | B30: 266858100 | C30: 19333800 | D30: =B30/1000000 -> 266.8581 | E30: =(B30+C30)/1000000 -> 286.1919 | F30: =B30/(B30+C30) -> 0.93244463 | G30: Mons Ruber Fynbos Thicket | H30: AT43 | I30: =VLOOKUP(H30,Sheet2!$A$2:$B$459, 2, FALSE) -> LC | J30: 266859900 | K30: 19334700 | L30: 266.8599 | M30: 286.1946 | N30: =L30/M30 -> 0.93244212 | O30: =N30-F30 -> -2.5073866e-06
A31: AT44 | B31: 65959200 | C31: 97473600 | D31: =B31/1000000 -> 65.9592 | E31: =(B31+C31)/1000000 -> 163.4328 | F31: =B31/(B31+C31) -> 0.40358606 | G31: Motherwell Karroid Thicket | H31: AT44 | I31: =VLOOKUP(H31,Sheet2!$A$2:$B$459, 2, FALSE) -> CR | J31: 65957400 | K31: 97456500 | L31: 65.9574 | M31: 163.4139 | N31: =L31/M31 -> 0.40362172 | O31: =N31-F31 -> 3.5662673e-05
A32: AT45 | B32: 433495800 | C32: 263493900 | D32: =B32/1000000 -> 433.4958 | E32: =(B32+C32)/1000000 -> 696.9897 | F32: =B32/(B32+C32) -> 0.62195438 | G32: Nanaga Savanna Thicket | H32: AT45 | I32: =VLOOKUP(H32,Sheet2!$A$2:$B$459, 2, FALSE) -> LC | J32: 433501200 | K32: 263493900 | L32: 433.5012 | M32: 696.9951 | N32: =L32/M32 -> 0.62195731 | O32: =N32-F32 -> 2.9289249e-06
A33: AT46 | B33: 553819500 | C33: 18111600 | D33: =B33/1000000 -> 553.8195 | E33: =(B33+C33)/1000000 -> 571.9311 | F33: =B33/(B33+C33) -> 0.96833255 | G33: Oudtshoorn Karroid Thicket | H33: AT46 | I33: =VLOOKUP(H33,Sheet2!$A$2:$B$459, 2, FALSE) -> LC | J33: 553815900 | K33: 18110700 | L33: 553.8159 | M33: 571.9266 | N33: =L33/M33 -> 0.96833387 | O33: =N33-F33 -> 1.3244645e-06
A34: AT47 | B34: 890021700 | C34: 20453400 | D34: =B34/1000000 -> 890.0217 | E34: =(B34+C34)/1000000 -> 910.4751 | F34: =B34/(B34+C34) -> 0.97753546 | G34: Saltaire Karroid Thicket | H34: AT47 | I34: =VLOOKUP(H34,Sheet2!$A$2:$B$459, 2, FALSE) -> LC | J34: 890014500 | K34: 20453400 | L34: 890.0145 | M34: 910.4679 | N34: =L34/M34 -> 0.97753529 | O34: =N34-F34 -> -1.7765003e-07
A35: AT48 | B35: 11918700 | C35: 8438400 | D35: =B35/1000000 -> 11.9187 | E35: =(B35+C35)/1000000 -> 20.3571 | F35: =B35/(B35+C35) -> 0.58548123 | G35: Sardinia Forest Thicket | H35: AT48 | I35: =VLOOKUP(H35,Sheet2!$A$2:$B$459, 2, FALSE) -> LC | J35: 16035300 | K35: 9216000 | L35: 16.0353 | M35: 25.2513 | N35: =L35/M35 -> 0.63502869 | O35: =N35-F35 -> 0.049547459 | P35: decrease in size, loss of nat areas
A36: AT49 | B36: 5544078300 | C36: 103105800 | D36: =B36/1000000 -> 5544.0783 | E36: =(B36+C36)/1000000 -> 5647.1841 | F36: =B36/(B36+C36) -> 0.98174209 | G36: Sundays Arid Thicket | H36: AT49 | I36: =VLOOKUP(H36,Sheet2!$A$2:$B$459, 2, FALSE) -> VU | J36: 5544072000 | K36: 103106700 | L36: 5544.072 | M36: 5647.1787 | N36: =L36/M36 -> 0.98174191 | O36: =N36-F36 -> -1.7683038e-07
A37: AT50 | B37: 516919500 | C37: 60629400 | D37: =B37/1000000 -> 516.9195 | E37: =(B37+C37)/1000000 -> 577.5489 | F37: =B37/(B37+C37) -> 0.89502291 | G37: Sundays Mesic Thicket | H37: AT50 | I37: =VLOOKUP(H37,Sheet2!$A$2:$B$459, 2, FALSE) -> LC | J37: 518705100 | K37: 61492500 | L37: 518.7051 | M37: 580.1976 | N37: =L37/M37 -> 0.89401456 | O37: =N37-F37 -> -0.0010083585
A38: AT51 | B38: 1707247800 | C38: 256230900 | D38: =B38/1000000 -> 1707.2478 | E38: =(B38+C38)/1000000 -> 1963.4787 | F38: =B38/(B38+C38) -> 0.86950156 | G38: Sundays Valley Thicket | H38: AT51 | I38: =VLOOKUP(H38,Sheet2!$A$2:$B$459, 2, FALSE) -> LC | J38: 1707255000 | K38: 256227300 | L38: 1707.255 | M38: 1963.4823 | N38: =L38/M38 -> 0.86950364 | O38: =N38-F38 -> 2.0727431e-06
A39: AT52 | B39: 30384000 | C39: 13223700 | D39: =B39/1000000 -> 30.384 | E39: =(B39+C39)/1000000 -> 43.6077 | F39: =B39/(B39+C39) -> 0.69675768 | G39: Thorndale Forest Thicket | H39: AT52 | I39: =VLOOKUP(H39,Sheet2!$A$2:$B$459, 2, FALSE) -> LC | J39: 30383100 | K39: 13223700 | L39: 30.3831 | M39: 43.6068 | N39: =L39/M39 -> 0.69675142 | O39: =N39-F39 -> -6.258613e-06
A40: AT53 | B40: 16866000 | C40: 10226700 | D40: =B40/1000000 -> 16.866 | E40: =(B40+C40)/1000000 -> 27.0927 | F40: =B40/(B40+C40) -> 0.62252932 | G40: Umtiza Forest Thicket | H40: AT53 | I40: =VLOOKUP(H40,Sheet2!$A$2:$B$459, 2, FALSE) -> CR | J40: 16864200 | K40: 10226700 | L40: 16.8642 | M40: 27.0909 | N40: =L40/M40 -> 0.62250424 | O40: =N40-F40 -> -2.5080275e-05
A41: AT54 | B41: 184980600 | C41: 2754900 | D41: =B41/1000000 -> 184.9806 | E41: =(B41+C41)/1000000 -> 187.7355 | F41: =B41/(B41+C41) -> 0.98532563 | G41: Vanstadens Forest Thicket | H41: AT54 | I41: =VLOOKUP(H41,Sheet2!$A$2:$B$459, 2, FALSE) -> LC | J41: 184973400 | K41: 2754900 | L41: 184.9734 | M41: 187.7283 | N41: =L41/M41 -> 0.98532507 | O41: =N41-F41 -> -5.6281049e-07
A42: AT55 | B42: 743775300 | C42: 16578900 | D42: =B42/1000000 -> 743.7753 | E42: =(B42+C42)/1000000 -> 760.3542 | F42: =B42/(B42+C42) -> 0.97819582 | G42: Western Gwarrieveld | H42: AT55 | I42: =VLOOKUP(H42,Sheet2!$A$2:$B$459, 2, FALSE) -> LC | J42: 743779800 | K42: 16578900 | L42: 743.7798 | M42: 760.3587 | N42: =L42/M42 -> 0.97819595 | O42: =N42-F42 -> 1.2904279e-07
A43: AT56 | B43: 471609000 | C43: 230055300 | D43: =B43/1000000 -> 471.609 | E43: =(B43+C43)/1000000 -> 701.6643 | F43: =B43/(B43+C43) -> 0.67212911 | G43: Hamburg Dune Thicket | H43: AT56 | I43: =VLOOKUP(H43,Sheet2!$A$2:$B$459, 2, FALSE) -> LC | J43: 471612600 | K43: 230056200 | L43: 471.6126 | M43: 701.6688 | N43: =L43/M43 -> 0.67212993 | O43: =N43-F43 -> 8.2007211e-07
A44: AT57 | B44: 107123400 | C44: 29941200 | D44: =B44/1000000 -> 107.1234 | E44: =(B44+C44)/1000000 -> 137.0646 | F44: =B44/(B44+C44) -> 0.7815541 | G44: St Francis Dune Thicket | H44: AT57 | I44: =VLOOKUP(H44,Sheet2!$A$2:$B$459, 2, FALSE) -> LC | J44: 223272000 | K44: 41108400 | L44: 223.272 | M44: 264.3804 | N44: =L44/M44 -> 0.84451041 | O44: =N44-F44 -> 0.062956311 | P44: decrease in size loss of nat areas
A45: AT58 | B45: 2226033900 | C45: 26276400 | D45: =B45/1000000 -> 2226.0339 | E45: =(B45+C45)/1000000 -> 2252.3103 | F45: =B45/(B45+C45) -> 0.98833358 | G45: Willowmore Gwarrieveld | H45: AT58 | I45: =VLOOKUP(H45,Sheet2!$A$2:$B$459, 2, FALSE) -> LC | J45: 2226033000 | K45: 26276400 | L45: 2226.033 | M45: 2252.3094 | N45: =L45/M45 -> 0.98833357 | O45: =N45-F45 -> -4.6617836e-09
A46: AZa1 | B46: 18212400 | C46: 460800 | D46: =B46/1000000 -> 18.2124 | E46: =(B46+C46)/1000000 -> 18.6732 | F46: =B46/(B46+C46) -> 0.97532292 | G46: Fynbos Riparian Vegetation | H46: AZa1 | I46: =VLOOKUP(H46,Sheet2!$A$2:$B$459, 2, FALSE) -> LC | J46: 18214200 | K46: 460800 | L46: 18.2142 | M46: 18.675 | N46: =L46/M46 -> 0.9753253 | O46: =N46-F46 -> 2.3785135e-06
A47: AZa2 | B47: 118694700 | C47: 232086600 | D47: =B47/1000000 -> 118.6947 | E47: =(B47+C47)/1000000 -> 350.7813 | F47: =B47/(B47+C47) -> 0.33837237 | G47: Cape Lowland Alluvial Vegetation | H47: AZa2 | I47: =VLOOKUP(H47,Sheet2!$A$2:$B$459, 2, FALSE) -> EN | J47: 118718100 | K47: 232169400 | L47: 118.7181 | M47: 350.8875 | N47: =L47/M47 -> 0.33833665 | O47: =N47-F47 -> -3.5724116e-05
A48: AZa3 | B48: 546156000 | C48: 321687000 | D48: =B48/1000000 -> 546.156 | E48: =(B48+C48)/1000000 -> 867.843 | F48: =B48/(B48+C48) -> 0.62932581 | G48: Lower Gariep Alluvial Vegetation | H48: AZa3 | I48: =VLOOKUP(H48,Sheet2!$A$2:$B$459, 2, FALSE) -> LC | J48: 546154200 | K48: 321687000 | L48: 546.1542 | M48: 867.8412 | N48: =L48/M48 -> 0.62932504 | O48: =N48-F48 -> -7.6881985e-07
A49: AZa4 | B49: 1257365700 | C49: 529861500 | D49: =B49/1000000 -> 1257.3657 | E49: =(B49+C49)/1000000 -> 1787.2272 | F49: =B49/(B49+C49) -> 0.70352874 | G49: Upper Gariep Alluvial Vegetation | H49: AZa4 | I49: =VLOOKUP(H49,Sheet2!$A$2:$B$459, 2, FALSE) -> LC | J49: 1257367500 | K49: 529861500 | L49: 1257.3675 | M49: 1787.229 | N49: =L49/M49 -> 0.70352904 | O49: =N49-F49 -> 2.9858975e-07
A50: AZa5 | B50: 2156498100 | C50: 1078650000 | D50: =B50/1000000 -> 2156.4981 | E50: =(B50+C50)/1000000 -> 3235.1481 | F50: =B50/(B50+C50) -> 0.66658404 | G50: Highveld Alluvial Vegetation | H50: AZa5 | I50: =VLOOKUP(H50,Sheet2!$A$2:$B$459, 2, FALSE) -> LC | J50: 3092091300 | K50: 1578780000 | L50: 3092.0913 | M50: 4670.8713 | N50: =L50/M50 -> 0.66199454 | O50: =N50-F50 -> -0.0045895024
A51: AZa6 | B51: 292005000 | C51: 361361700 | D51: =B51/1000000 -> 292.005 | E51: =(B51+C51)/1000000 -> 653.3667 | F51: =B51/(B51+C51) -> 0.4469236 | G51: Albany Alluvial Vegetation | H51: AZa6 | I51: =VLOOKUP(H51,Sheet2!$A$2:$B$459, 2, FALSE) -> EN | J51: 292378500 | K51: 361490400 | L51: 292.3785 | M51: 653.8689 | N51: =L51/M51 -> 0.44715156 | O51: =N51-F51 -> 0.00022795849
A52: AZa7 | B52: 871328700 | C52: 403035300 | D52: =B52/1000000 -> 871.3287 | E52: =(B52+C52)/1000000 -> 1274.364 | F52: =B52/(B52+C52) -> 0.68373612 | G52: Subtropical Alluvial Vegetation | H52: AZa7 | I52: =VLOOKUP(H52,Sheet2!$A$2:$B$459, 2, FALSE) -> LC | J52: 861066000 | K52: 398363400 | L52: 861.066 | M52: 1259.4294 | N52: =L52/M52 -> 0.68369533 | O52: =N52-F52 -> -4.079189e-05
A53: AZd1 | B53: 347400 | C53: 6087600 | D53: =B53/1000000 -> 0.3474 | E53: =(B53+C53)/1000000 -> 6.435 | F53: =B53/(B53+C53) -> 0.053986014 | G53: Namib Seashore Vegetation | H53: AZd1 | I53: =VLOOKUP(H53,Sheet2!$A$2:$B$459, 2, FALSE) -> CR | J53: 347400 | K53: 6090300 | L53: 0.3474 | M53: 6.4377 | N53: =L53/M53 -> 0.053963372 | O53: =N53-F53 -> -2.2641974e-05
A54: AZd2 | B54: 9694800 | C54: 3514500 | D54: =B54/1000000 -> 9.6948 | E54: =(B54+C54)/1000000 -> 13.2093 | F54: =B54/(B54+C54) -> 0.73393745 | G54: Namaqualand Seashore Vegetation | H54: AZd2 | I54: =VLOOKUP(H54,Sheet2!$A$2:$B$459, 2, FALSE) -> CR | J54: 9697500 | K54: 3514500 | L54: 9.6975 | M54: 13.212 | N54: =L54/M54 -> 0.73399183 | O54: =N54-F54 -> 5.4372455e-05
A55: AZd3 | B55: 215489700 | C55: 4599900 | D55: =B55/1000000 -> 215.4897 | E55: =(B55+C55)/1000000 -> 220.0896 | F55: =B55/(B55+C55) -> 0.97909988 | G55: Cape Seashore Vegetation | H55: AZd3 | I55: =VLOOKUP(H55,Sheet2!$A$2:$B$459, 2, FALSE) -> LC | J55: 215500500 | K55: 4583700 | L55: 215.5005 | M55: 220.0842 | N55: =L55/M55 -> 0.97917297 | O55: =N55-F55 -> 7.3095385e-05
A56: AZd4 | B56: 26169300 | C56: 1809000 | D56: =B56/1000000 -> 26.1693 | E56: =(B56+C56)/1000000 -> 27.9783 | F56: =B56/(B56+C56) -> 0.93534275 | G56: Subtropical Seashore Vegetation | H56: AZd4 | I56: =VLOOKUP(H56,Sheet2!$A$2:$B$459, 2, FALSE) -> LC | J56: 26163900 | K56: 1809000 | L56: 26.1639 | M56: 27.9729 | N56: =L56/M56 -> 0.93533027 | O56: =N56-F56 -> -1.2481693e-05
... A210: FS1 | B210: 238540500 | C210: 115738200 | D210: =B210/1000000 -> 238.5405 | E210: =(B210+C210)/1000000 -> 354.2787 | F210: =B210/(B210+C210) -> 0.67331313 | G210: Lambert’s Bay Strandveld | H210: FS1 | I210: =VLOOKUP(H210,Sheet2!$A$2:$B$459, 2, FALSE) -> CR | J210: 238540500 | K210: 115738200 | L210: 238.5405 | M210: 354.2787 | N210: =L210/M210 -> 0.67331313 | O210: =N210-F210 -> 0
A211: FS10 | B211: 306603000 | C211: 16333200 | D211: =B211/1000000 -> 306.603 | E211: =(B211+C211)/1000000 -> 322.9362 | F211: =B211/(B211+C211) -> 0.94942283 | I211: =VLOOKUP(H211,Sheet2!$A$2:$B$459, 2, FALSE) -> #N/A | N211: =L211/M211 -> #DIV/0! | O211: =N211-F211 -> #DIV/0! | P211: new
A212: FS11 | B212: 39517200 | C212: 64800 | D212: =B212/1000000 -> 39.5172 | E212: =(B212+C212)/1000000 -> 39.582 | F212: =B212/(B212+C212) -> 0.99836289 | I212: =VLOOKUP(H212,Sheet2!$A$2:$B$459, 2, FALSE) -> #N/A | N212: =L212/M212 -> #DIV/0! | O212: =N212-F212 -> #DIV/0! | P212: new
A213: FS12 | B213: 92564100 | C213: 26488800 | D213: =B213/1000000 -> 92.5641 | E213: =(B213+C213)/1000000 -> 119.0529 | F213: =B213/(B213+C213) -> 0.77750395 | I213: =VLOOKUP(H213,Sheet2!$A$2:$B$459, 2, FALSE) -> #N/A | N213: =L213/M213 -> #DIV/0! | O213: =N213-F213 -> #DIV/0! | P213: new
A214: FS13 | B214: 35307000 | C214: 6364800 | D214: =B214/1000000 -> 35.307 | E214: =(B214+C214)/1000000 -> 41.6718 | F214: =B214/(B214+C214) -> 0.84726362 | I214: =VLOOKUP(H214,Sheet2!$A$2:$B$459, 2, FALSE) -> #N/A | N214: =L214/M214 -> #DIV/0! | O214: =N214-F214 -> #DIV/0! | P214: new
A215: FS14 | B215: 85254300 | C215: 11689200 | D215: =B215/1000000 -> 85.2543 | E215: =(B215+C215)/1000000 -> 96.9435 | F215: =B215/(B215+C215) -> 0.87942255 | I215: =VLOOKUP(H215,Sheet2!$A$2:$B$459, 2, FALSE) -> #N/A | N215: =L215/M215 -> #DIV/0! | O215: =N215-F215 -> #DIV/0! | P215: new
A216: FS2 | B216: 80021700 | C216: 218864700 | D216: =B216/1000000 -> 80.0217 | E216: =(B216+C216)/1000000 -> 298.8864 | F216: =B216/(B216+C216) -> 0.26773282 | G216: Saldanha Granite Strandveld | H216: FS2 | I216: =VLOOKUP(H216,Sheet2!$A$2:$B$459, 2, FALSE) -> CR | J216: 80024400 | K216: 218866500 | L216: 80.0244 | M216: 298.8909 | N216: =L216/M216 -> 0.26773783 | O216: =N216-F216 -> 5.0025019e-06
A217: FS3 | B217: 594107100 | C217: 1049293800 | D217: =B217/1000000 -> 594.1071 | E217: =(B217+C217)/1000000 -> 1643.4009 | F217: =B217/(B217+C217) -> 0.36151075 | G217: Saldanha Flats Strandveld | H217: FS3 | I217: =VLOOKUP(H217,Sheet2!$A$2:$B$459, 2, FALSE) -> EN | J217: 594108900 | K217: 1049289300 | L217: 594.1089 | M217: 1643.3982 | N217: =L217/M217 -> 0.36151244 | O217: =N217-F217 -> 1.6892309e-06
A218: FS4 | B218: 49842000 | C218: 11694600 | D218: =B218/1000000 -> 49.842 | E218: =(B218+C218)/1000000 -> 61.5366 | F218: =B218/(B218+C218) -> 0.809957 | G218: Saldanha Limestone Strandveld | H218: FS4 | I218: =VLOOKUP(H218,Sheet2!$A$2:$B$459, 2, FALSE) -> CR | J218: 49841100 | K218: 11692800 | L218: 49.8411 | M218: 61.5339 | N218: =L218/M218 -> 0.80997791 | O218: =N218-F218 -> 2.0913414e-05
A219: FS5 | B219: 293658300 | C219: 48609900 | D219: =B219/1000000 -> 293.6583 | E219: =(B219+C219)/1000000 -> 342.2682 | F219: =B219/(B219+C219) -> 0.85797717 | G219: Langebaan Dune Strandveld | H219: FS5 | I219: =VLOOKUP(H219,Sheet2!$A$2:$B$459, 2, FALSE) -> EN | J219: 293662800 | K219: 48616200 | L219: 293.6628 | M219: 342.279 | N219: =L219/M219 -> 0.85796324 | O219: =N219-F219 -> -1.3924761e-05
A220: FS6 | B220: 197973000 | C220: 200667600 | D220: =B220/1000000 -> 197.973 | E220: =(B220+C220)/1000000 -> 398.6406 | F220: =B220/(B220+C220) -> 0.49662026 | G220: Cape Flats Dune Strandveld | H220: FS6 | I220: =VLOOKUP(H220,Sheet2!$A$2:$B$459, 2, FALSE) -> EN | J220: 197973900 | K220: 200668500 | L220: 197.9739 | M220: 398.6424 | N220: =L220/M220 -> 0.49662028 | O220: =N220-F220 -> 1.5260607e-08
A221: FS7 | B221: 37644300 | C221: 9184500 | D221: =B221/1000000 -> 37.6443 | E221: =(B221+C221)/1000000 -> 46.8288 | F221: =B221/(B221+C221) -> 0.80387069 | G221: Overberg Dune Strandveld | H221: FS7 | I221: =VLOOKUP(H221,Sheet2!$A$2:$B$459, 2, FALSE) -> EN | J221: 324342900 | K221: 23202000 | L221: 324.3429 | M221: 347.5449 | N221: =L221/M221 -> 0.93324028 | O221: =N221-F221 -> 0.12936959 | P221: big decrease in area more nat lost than cult (listed for other reasons than extent)
E222: =(B222+C222)/1000000 -> 0 | F222: =B222/(B222+C222) -> #DIV/0! | G222: Blombos Strandveld | H222: FS8 | I222: =VLOOKUP(H222,Sheet2!$A$2:$B$459, 2, FALSE) -> LC | J222: 20228400 | K222: 406800 | L222: 20.2284 | M222: 20.6352 | N222: =L222/M222 -> 0.98028611 | O222: =N222-F222 -> #DIV/0! | P222: type decommissioned
A223: FS9 | B223: 12555900 | C223: 15427800 | D223: =B223/1000000 -> 12.5559 | E223: =(B223+C223)/1000000 -> 27.9837 | F223: =B223/(B223+C223) -> 0.4486862 | G223: Groot Brak Dune Strandveld | H223: FS9 | I223: =VLOOKUP(H223,Sheet2!$A$2:$B$459, 2, FALSE) -> CR | J223: 12624300 | K223: 15561900 | L223: 12.6243 | M223: 28.1862 | N223: =L223/M223 -> 0.44788939 | O223: =N223-F223 -> -0.00079680678
A224: Gd1 | B224: 4246412400 | C224: 780597000 | D224: =B224/1000000 -> 4246.4124 | E224: =(B224+C224)/1000000 -> 5027.0094 | F224: =B224/(B224+C224) -> 0.84471941 | G224: Amathole Montane Grassland | H224: Gd1 | I224: =VLOOKUP(H224,Sheet2!$A$2:$B$459, 2, FALSE) -> LC | J224: 4246411500 | K224: 780598800 | L224: 4246.4115 | M224: 5027.0103 | N224: =L224/M224 -> 0.84471908 | O224: =N224-F224 -> -3.3026538e-07
A225: Gd10 | B225: 2752353900 | C225: 78378300 | D225: =B225/1000000 -> 2752.3539 | E225: =(B225+C225)/1000000 -> 2830.7322 | F225: =B225/(B225+C225) -> 0.97231165 | G225: Drakensberg Afroalpine Heathland | H225: Gd10 | I225: =VLOOKUP(H225,Sheet2!$A$2:$B$459, 2, FALSE) -> LC | J225: 2752352100 | K225: 78378300 | L225: 2752.3521 | M225: 2830.7304 | N225: =L225/M225 -> 0.97231163 | O225: =N225-F225 -> -1.760642e-08
A226: Gd2 | B226: 153977400 | C226: 4324500 | D226: =B226/1000000 -> 153.9774 | E226: =(B226+C226)/1000000 -> 158.3019 | F226: =B226/(B226+C226) -> 0.97268195 | G226: Amathole Mistbelt Grassland | H226: Gd2 | I226: =VLOOKUP(H226,Sheet2!$A$2:$B$459, 2, FALSE) -> LC | J226: 153978300 | K226: 4324500 | L226: 153.9783 | M226: 158.3028 | N226: =L226/M226 -> 0.9726821 | O226: =N226-F226 -> 1.5531153e-07
A227: Gd3 | B227: 2408582700 | C227: 557738100 | D227: =B227/1000000 -> 2408.5827 | E227: =(B227+C227)/1000000 -> 2966.3208 | F227: =B227/(B227+C227) -> 0.81197647 | G227: Stormberg Plateau Grassland | H227: Gd3 | I227: =VLOOKUP(H227,Sheet2!$A$2:$B$459, 2, FALSE) -> LC | J227: 2408583600 | K227: 557738100 | L227: 2408.5836 | M227: 2966.3217 | N227: =L227/M227 -> 0.81197653 | O227: =N227-F227 -> 5.7047479e-08
A228: Gd4 | B228: 6014892600 | C228: 632078100 | D228: =B228/1000000 -> 6014.8926 | E228: =(B228+C228)/1000000 -> 6646.9707 | F228: =B228/(B228+C228) -> 0.90490734 | G228: Southern Drakensberg Highland Grassland | H228: Gd4 | I228: =VLOOKUP(H228,Sheet2!$A$2:$B$459, 2, FALSE) -> LC | J228: 6014897100 | K228: 632077200 | L228: 6014.8971 | M228: 6646.9743 | N228: =L228/M228 -> 0.90490753 | O228: =N228-F228 -> 1.8690212e-07
A229: Gd5 | B229: 1117530900 | C229: 120134700 | D229: =B229/1000000 -> 1117.5309 | E229: =(B229+C229)/1000000 -> 1237.6656 | F229: =B229/(B229+C229) -> 0.90293444 | G229: Northern Drakensberg Highland Grassland | H229: Gd5 | I229: =VLOOKUP(H229,Sheet2!$A$2:$B$459, 2, FALSE) -> LC | J229: 1117528200 | K229: 120135600 | L229: 1117.5282 | M229: 1237.6638 | N229: =L229/M229 -> 0.90293358 | O229: =N229-F229 -> -8.6834405e-07
A230: Gd6 | B230: 21563100 | C230: 67500 | D230: =B230/1000000 -> 21.5631 | E230: =(B230+C230)/1000000 -> 21.6306 | F230: =B230/(B230+C230) -> 0.99687942 | G230: Drakensberg-Amathole Afromontane Fynbos | H230: Gd6 | I230: =VLOOKUP(H230,Sheet2!$A$2:$B$459, 2, FALSE) -> LC | J230: 21561300 | K230: 67500 | L230: 21.5613 | M230: 21.6288 | N230: =L230/M230 -> 0.99687916 | O230: =N230-F230 -> -2.59702e-07
A231: Gd7 | B231: 1345415400 | C231: 1493100 | D231: =B231/1000000 -> 1345.4154 | E231: =(B231+C231)/1000000 -> 1346.9085 | F231: =B231/(B231+C231) -> 0.99889146 | G231: uKhahlamba Basalt Grassland | H231: Gd7 | I231: =VLOOKUP(H231,Sheet2!$A$2:$B$459, 2, FALSE) -> LC | J231: 1345413600 | K231: 1493100 | L231: 1345.4136 | M231: 1346.9067 | N231: =L231/M231 -> 0.99889146 | O231: =N231-F231 -> -1.4814457e-09
A232: Gd8 | B232: 17293470300 | C232: 2875695300 | D232: =B232/1000000 -> 17293.47 | E232: =(B232+C232)/1000000 -> 20169.166 | F232: =B232/(B232+C232) -> 0.85742121 | G232: Lesotho Highland Basalt Grassland | H232: Gd8 | I232: =VLOOKUP(H232,Sheet2!$A$2:$B$459, 2, FALSE) -> LC | J232: 17293472100 | K232: 2875693500 | L232: 17293.472 | M232: 20169.166 | N232: =L232/M232 -> 0.8574213 | O232: =N232-F232 -> 8.924514e-08
A233: Gh1 | B233: 8151032700 | C233: 219587400 | D233: =B233/1000000 -> 8151.0327 | E233: =(B233+C233)/1000000 -> 8370.6201 | F233: =B233/(B233+C233) -> 0.97376689 | G233: Karoo Escarpment Grassland | H233: Gh1 | I233: =VLOOKUP(H233,Sheet2!$A$2:$B$459, 2, FALSE) -> LC | J233: 8151028200 | K233: 219587400 | L233: 8151.0282 | M233: 8370.6156 | N233: =L233/M233 -> 0.97376688 | O233: =N233-F233 -> -1.4102785e-08
A234: Gh10 | B234: 6010095600 | C234: 19955600100 | D234: =B234/1000000 -> 6010.0956 | E234: =(B234+C234)/1000000 -> 25965.696 | F234: =B234/(B234+C234) -> 0.23146291 | G234: Vaal-Vet Sandy Grassland | H234: Gh10 | I234: =VLOOKUP(H234,Sheet2!$A$2:$B$459, 2, FALSE) -> EN | J234: 6331635000 | K234: 16512181200 | L234: 6331.635 | M234: 22843.816 | N234: =L234/M234 -> 0.27717063 | O234: =N234-F234 -> 0.045707719 | P234: increase in size gain cult areas (stays EN in RLE)
A235: Gh11 | B235: 426447000 | C235: 497110500 | D235: =B235/1000000 -> 426.447 | E235: =(B235+C235)/1000000 -> 923.5575 | F235: =B235/(B235+C235) -> 0.46174385 | G235: Vredefort Dome Granite Grassland | H235: Gh11 | I235: =VLOOKUP(H235,Sheet2!$A$2:$B$459, 2, FALSE) -> CR | J235: 424814400 | K235: 496761300 | L235: 424.8144 | M235: 921.5757 | N235: =L235/M235 -> 0.46096528 | O235: =N235-F235 -> -0.00077857525
A236: Gh12 | B236: 225177300 | C236: 104337000 | D236: =B236/1000000 -> 225.1773 | E236: =(B236+C236)/1000000 -> 329.5143 | F236: =B236/(B236+C236) -> 0.68336124 | G236: Vaal Reefs Dolomite Sinkhole Woodland | H236: Gh12 | I236: =VLOOKUP(H236,Sheet2!$A$2:$B$459, 2, FALSE) -> LC | J236: 245277000 | K236: 101664000 | L236: 245.277 | M236: 346.941 | N236: =L236/M236 -> 0.70697035 | O236: =N236-F236 -> 0.023609111
A237: Gh13 | B237: 1961633700 | C237: 1558396800 | D237: =B237/1000000 -> 1961.6337 | E237: =(B237+C237)/1000000 -> 3520.0305 | F237: =B237/(B237+C237) -> 0.55727747 | G237: Klerksdorp Thornveld | H237: Gh13 | I237: =VLOOKUP(H237,Sheet2!$A$2:$B$459, 2, FALSE) -> LC | J237: 2234664000 | K237: 1697605200 | L237: 2234.664 | M237: 3932.2692 | N237: =L237/M237 -> 0.56828866 | O237: =N237-F237 -> 0.011011189
A238: Gh14 | B238: 3758412600 | C238: 5429025000 | D238: =B238/1000000 -> 3758.4126 | E238: =(B238+C238)/1000000 -> 9187.4376 | F238: =B238/(B238+C238) -> 0.4090817 | G238: Western Highveld Sandy Grassland | H238: Gh14 | I238: =VLOOKUP(H238,Sheet2!$A$2:$B$459, 2, FALSE) -> EN | J238: 1522672200 | K238: 7069559400 | L238: 1522.6722 | M238: 8592.2316 | N238: =L238/M238 -> 0.17721499 | O238: =N238-F238 -> -0.23186672 | P238: area of type increased and gained natural extent, bit of an issue for RLE as this is likley to go to VU from EN, though rate of loss might still means its EN
A239: Gh15 | B239: 5545276200 | C239: 3053112300 | D239: =B239/1000000 -> 5545.2762 | E239: =(B239+C239)/1000000 -> 8598.3885 | F239: =B239/(B239+C239) -> 0.64492041 | G239: Carletonville Dolomite Grassland | H239: Gh15 | I239: =VLOOKUP(H239,Sheet2!$A$2:$B$459, 2, FALSE) -> LC | J239: 5651321400 | K239: 3549127500 | L239: 5651.3214 | M239: 9200.4489 | N239: =L239/M239 -> 0.61424409 | O239: =N239-F239 -> -0.030676312 | P239: area of type decreased in places with anthropogenic landuse
A240: Gh2 | B240: 5694274800 | C240: 1468989900 | D240: =B240/1000000 -> 5694.2748 | E240: =(B240+C240)/1000000 -> 7163.2647 | F240: =B240/(B240+C240) -> 0.79492732 | G240: Aliwal North Dry Grassland | H240: Gh2 | I240: =VLOOKUP(H240,Sheet2!$A$2:$B$459, 2, FALSE) -> LC | J240: 5694271200 | K240: 1468989000 | L240: 5694.2712 | M240: 7163.2602 | N240: =L240/M240 -> 0.79492732 | O240: =N240-F240 -> -3.1866867e-09
A241: Gh3 | B241: 12392715600 | C241: 999769500 | D241: =B241/1000000 -> 12392.716 | E241: =(B241+C241)/1000000 -> 13392.485 | F241: =B241/(B241+C241) -> 0.92534847 | G241: Xhariep Karroid Grassland | H241: Gh3 | I241: =VLOOKUP(H241,Sheet2!$A$2:$B$459, 2, FALSE) -> LC | J241: 12392721900 | K241: 999769500 | L241: 12392.722 | M241: 13392.491 | N241: =L241/M241 -> 0.92534851 | O241: =N241-F241 -> 3.5117039e-08
A242: Gh4 | B242: 9230588100 | C242: 447234300 | D242: =B242/1000000 -> 9230.5881 | E242: =(B242+C242)/1000000 -> 9677.8224 | F242: =B242/(B242+C242) -> 0.95378771 | G242: Besemkaree Koppies Shrubland | H242: Gh4 | I242: =VLOOKUP(H242,Sheet2!$A$2:$B$459, 2, FALSE) -> LC | J242: 9230583600 | K242: 447237900 | L242: 9230.5836 | M242: 9677.8215 | N242: =L242/M242 -> 0.95378734 | O242: =N242-F242 -> -3.7628211e-07
A243: Gh5 | B243: 2610640800 | C243: 2338933500 | D243: =B243/1000000 -> 2610.6408 | E243: =(B243+C243)/1000000 -> 4949.5743 | F243: =B243/(B243+C243) -> 0.52744754 | G243: Bloemfontein Dry Grassland | H243: Gh5 | I243: =VLOOKUP(H243,Sheet2!$A$2:$B$459, 2, FALSE) -> LC | J243: 2610640800 | K243: 2338929900 | L243: 2610.6408 | M243: 4949.5707 | N243: =L243/M243 -> 0.52744793 | O243: =N243-F243 -> 3.8363148e-07
A244: Gh6 | B244: 10586288700 | C244: 5426548200 | D244: =B244/1000000 -> 10586.289 | E244: =(B244+C244)/1000000 -> 16012.837 | F244: =B244/(B244+C244) -> 0.66111263 | G244: Central Free State Grassland | H244: Gh6 | I244: =VLOOKUP(H244,Sheet2!$A$2:$B$459, 2, FALSE) -> LC | J244: 10586295900 | K244: 5426546400 | L244: 10586.296 | M244: 16012.842 | N244: =L244/M244 -> 0.66111286 | O244: =N244-F244 -> 2.2669253e-07
A245: Gh7 | B245: 1295904600 | C245: 276052500 | D245: =B245/1000000 -> 1295.9046 | E245: =(B245+C245)/1000000 -> 1571.9571 | F245: =B245/(B245+C245) -> 0.82438929 | G245: Winburg Grassy Shrubland | H245: Gh7 | I245: =VLOOKUP(H245,Sheet2!$A$2:$B$459, 2, FALSE) -> LC | J245: 1295903700 | K245: 276054300 | L245: 1295.9037 | M245: 1571.958 | N245: =L245/M245 -> 0.82438825 | O245: =N245-F245 -> -1.0445256e-06
A246: Gh8 | B246: 66763800 | C246: 13740300 | D246: =B246/1000000 -> 66.7638 | E246: =(B246+C246)/1000000 -> 80.5041 | F246: =B246/(B246+C246) -> 0.82932174 | G246: Bloemfontein Karroid Shrubland | H246: Gh8 | I246: =VLOOKUP(H246,Sheet2!$A$2:$B$459, 2, FALSE) -> LC | J246: 66762000 | K246: 13740300 | L246: 66.762 | M246: 80.5023 | N246: =L246/M246 -> 0.82931792 | O246: =N246-F246 -> -3.8162993e-06
A247: Gh9 | B247: 5354990100 | C247: 1719421200 | D247: =B247/1000000 -> 5354.9901 | E247: =(B247+C247)/1000000 -> 7074.4113 | F247: =B247/(B247+C247) -> 0.75695204 | G247: Western Free State Clay Grassland | H247: Gh9 | I247: =VLOOKUP(H247,Sheet2!$A$2:$B$459, 2, FALSE) -> LC | J247: 5354991000 | K247: 1719420300 | L247: 5354.991 | M247: 7074.4113 | N247: =L247/M247 -> 0.75695217 | O247: =N247-F247 -> 1.2721907e-07
A248: Gm1 | B248: 2730882600 | C248: 1537181100 | D248: =B248/1000000 -> 2730.8826 | E248: =(B248+C248)/1000000 -> 4268.0637 | F248: =B248/(B248+C248) -> 0.63984111 | G248: Zastron Moist Grassland | H248: Gm1 | I248: =VLOOKUP(H248,Sheet2!$A$2:$B$459, 2, FALSE) -> LC | J248: 2730880800 | K248: 1537182000 | L248: 2730.8808 | M248: 4268.0628 | N248: =L248/M248 -> 0.63984082 | O248: =N248-F248 -> -2.8681467e-07
A249: Gm10 | B249: 196601400 | C249: 896574600 | D249: =B249/1000000 -> 196.6014 | E249: =(B249+C249)/1000000 -> 1093.176 | F249: =B249/(B249+C249) -> 0.17984423 | G249: Egoli Granite Grassland | H249: Gm10 | I249: =VLOOKUP(H249,Sheet2!$A$2:$B$459, 2, FALSE) -> CR | J249: 196601400 | K249: 896573700 | L249: 196.6014 | M249: 1093.1751 | N249: =L249/M249 -> 0.17984438 | O249: =N249-F249 -> 1.4806394e-07
A250: Gm11 | B250: 4330471500 | C250: 6178364100 | D250: =B250/1000000 -> 4330.4715 | E250: =(B250+C250)/1000000 -> 10508.836 | F250: =B250/(B250+C250) -> 0.4120791 | G250: Rand Highveld Grassland | H250: Gm11 | I250: =VLOOKUP(H250,Sheet2!$A$2:$B$459, 2, FALSE) -> VU | J250: 4432266900 | K250: 5874105600 | L250: 4432.2669 | M250: 10306.372 | N250: =L250/M250 -> 0.43005111 | O250: =N250-F250 -> 0.017972008
A251: Gm12 | B251: 3888449100 | C251: 8884043100 | D251: =B251/1000000 -> 3888.4491 | E251: =(B251+C251)/1000000 -> 12772.492 | F251: =B251/(B251+C251) -> 0.30443934 | G251: Eastern Highveld Grassland | H251: Gm12 | I251: =VLOOKUP(H251,Sheet2!$A$2:$B$459, 2, FALSE) -> EN | J251: 3888448200 | K251: 8884046700 | L251: 3888.4482 | M251: 12772.495 | N251: =L251/M251 -> 0.30443921 | O251: =N251-F251 -> -1.3481988e-07
... A375: SVcb10 | B375: 970775100 | C375: 471330000 | D375: =B375/1000000 -> 970.7751 | E375: =(B375+C375)/1000000 -> 1442.1051 | F375: =B375/(B375+C375) -> 0.67316529 | G375: Gauteng Shale Mountain Bushveld | H375: SVcb10 | I375: =VLOOKUP(H375,Sheet2!$A$2:$B$459, 2, FALSE) -> LC | J375: 702593100 | K375: 322404300 | L375: 702.5931 | M375: 1024.9974 | N375: =L375/M375 -> 0.68545842 | O375: =N375-F375 -> 0.01229313
A376: SVcb11 | B376: 2523068100 | C376: 762489000 | D376: =B376/1000000 -> 2523.0681 | E376: =(B376+C376)/1000000 -> 3285.5571 | F376: =B376/(B376+C376) -> 0.76792703 | G376: Andesite Mountain Bushveld | H376: SVcb11 | I376: =VLOOKUP(H376,Sheet2!$A$2:$B$459, 2, FALSE) -> LC | J376: 1438996500 | K376: 578812500 | L376: 1438.9965 | M376: 2017.809 | N376: =L376/M376 -> 0.71314802 | O376: =N376-F376 -> -0.054779005 | P376: type increased in size and gained some natural areas
A377: SVcb12 | B377: 11095737300 | C377: 6288378300 | D377: =B377/1000000 -> 11095.737 | E377: =(B377+C377)/1000000 -> 17384.116 | F377: =B377/(B377+C377) -> 0.63826873 | G377: Central Sandy Bushveld | H377: SVcb12 | I377: =VLOOKUP(H377,Sheet2!$A$2:$B$459, 2, FALSE) -> LC | J377: 11010857400 | K377: 6244372800 | L377: 11010.857 | M377: 17255.23 | N377: =L377/M377 -> 0.6381171 | O377: =N377-F377 -> -0.00015162823
A378: SVcb13 | B378: 1929952800 | C378: 136377000 | D378: =B378/1000000 -> 1929.9528 | E378: =(B378+C378)/1000000 -> 2066.3298 | F378: =B378/(B378+C378) -> 0.93400037 | G378: Loskop Mountain Bushveld | H378: SVcb13 | I378: =VLOOKUP(H378,Sheet2!$A$2:$B$459, 2, FALSE) -> LC | J378: 1929956400 | K378: 136377900 | L378: 1929.9564 | M378: 2066.3343 | N378: =L378/M378 -> 0.93400008 | O378: =N378-F378 -> -2.9182193e-07
A379: SVcb14 | B379: 448409700 | C379: 311534100 | D379: =B379/1000000 -> 448.4097 | E379: =(B379+C379)/1000000 -> 759.9438 | F379: =B379/(B379+C379) -> 0.5900564 | G379: Loskop Thornveld | H379: SVcb14 | I379: =VLOOKUP(H379,Sheet2!$A$2:$B$459, 2, FALSE) -> LC | J379: 448409700 | K379: 311533200 | L379: 448.4097 | M379: 759.9429 | N379: =L379/M379 -> 0.5900571 | O379: =N379-F379 -> 6.988035e-07
A380: SVcb15 | B380: 2958985800 | C380: 4239195300 | D380: =B380/1000000 -> 2958.9858 | E380: =(B380+C380)/1000000 -> 7198.1811 | F380: =B380/(B380+C380) -> 0.4110741 | G380: Springbokvlakte Thornveld | H380: SVcb15 | I380: =VLOOKUP(H380,Sheet2!$A$2:$B$459, 2, FALSE) -> VU | J380: 3996301500 | K380: 4932108900 | L380: 3996.3015 | M380: 8928.4104 | N380: =L380/M380 -> 0.44759384 | O380: =N380-F380 -> 0.036519743 | P380: lost some extent that was natural stll VU in RLE
A381: SVcb16 | B381: 9863814600 | C381: 2210166900 | D381: =B381/1000000 -> 9863.8146 | E381: =(B381+C381)/1000000 -> 12073.981 | F381: =B381/(B381+C381) -> 0.81694796 | G381: Western Sandy Bushveld | H381: SVcb16 | I381: =VLOOKUP(H381,Sheet2!$A$2:$B$459, 2, FALSE) -> LC | J381: 6010173000 | K381: 483972300 | L381: 6010.173 | M381: 6494.1453 | N381: =L381/M381 -> 0.9254756 | O381: =N381-F381 -> 0.10852763 | P381: doubled in size gained some cultivated areas
A382: SVcb17 | B382: 8256757500 | C382: 644361300 | D382: =B382/1000000 -> 8256.7575 | E382: =(B382+C382)/1000000 -> 8901.1188 | F382: =B382/(B382+C382) -> 0.92760895 | G382: Waterberg Mountain Bushveld | H382: SVcb17 | I382: =VLOOKUP(H382,Sheet2!$A$2:$B$459, 2, FALSE) -> LC | J382: 8187265800 | K382: 636275700 | L382: 8187.2658 | M382: 8823.5415 | N382: =L382/M382 -> 0.92788885 | O382: =N382-F382 -> 0.00027989874
A383: SVcb18 | B383: 5157854100 | C383: 1338533100 | D383: =B383/1000000 -> 5157.8541 | E383: =(B383+C383)/1000000 -> 6496.3872 | F383: =B383/(B383+C383) -> 0.79395731 | G383: Roodeberg Bushveld | H383: SVcb18 | I383: =VLOOKUP(H383,Sheet2!$A$2:$B$459, 2, FALSE) -> LC | J383: 5157856800 | K383: 1338533100 | L383: 5157.8568 | M383: 6496.3899 | N383: =L383/M383 -> 0.79395739 | O383: =N383-F383 -> 8.5634525e-08
A384: SVcb19 | B384: 10749168000 | C384: 1262808000 | D384: =B384/1000000 -> 10749.168 | E384: =(B384+C384)/1000000 -> 12011.976 | F384: =B384/(B384+C384) -> 0.89487092 | G384: Limpopo Sweet Bushveld | H384: SVcb19 | I384: =VLOOKUP(H384,Sheet2!$A$2:$B$459, 2, FALSE) -> LC | J384: 10749175200 | K384: 1262808900 | L384: 10749.175 | M384: 12011.984 | N384: =L384/M384 -> 0.89487091 | O384: =N384-F384 -> -4.0338417e-09
...

Sheet Sheet1
C1: nat m2 | D1: notnat m2 | E1: nat km2 | F1: tot km2 | G1: %nat
A2: Western Highveld Sandy Grassland | B2: Gh14 | C2: 1522672200 | D2: 7069559400 | E2: 1522.6722 | F2: 8592.2316 | G2: 0.17721499
A3: Carletonville Dolomite Grassland | B3: Gh15 | C3: 5651321400 | D3: 3549127500 | E3: 5651.3214 | F3: 9200.4489 | G3: 0.61424409
A4: Western Highveld Sandy Grassland | B4: Gh14 | C4: 3758412600 | D4: 5429025000 | E4: 3758.4126 | F4: 9187.4376 | G4: 0.4090817
A5: Carletonville Dolomite Grassland | B5: Gh15 | C5: 5545276200 | D5: 3053112300 | E5: 5545.2762 | F5: 8598.3885 | G5: 0.64492041

Sheet Sheet2
A1: MAPCODE18 | B1: RLE2021May
A2: AT15 | B2: LC
A3: AT16 | B3: LC
A4: AT17 | B4: LC
A5: AT18 | B5: LC
A6: AT19 | B6: LC
A7: AT20 | B7: LC
A8: AT21 | B8: LC
A9: AT22 | B9: CR
A10: AT23 | B10: LC
A11: AT24 | B11: LC
A12: AT25 | B12: LC
... A459: SVs8 | B459: LC
